repo,files,code,comment,blank
doocs/advanced-java,1,5,3,0
GrowingGit/GitHub-Chinese-Top-Charts,1,5,1,1
Snailclimb/JavaGuide,0,0,0,0
kdn251/interviews,334,7743,4446,2773
macrozheng/mall,526,65769,3050,16824
elastic/elasticsearch,0,0,0,0
termux/termux-app,197,26883,10645,7380
skylot/jadx,1759,137885,6464,24105
google/guava,1929,351324,133209,60365
eugenp/tutorials,95,3660,416,834
alibaba/arthas,565,43646,11674,9451
apache/dubbo,1837,131654,47798,28362
airbnb/lottie-android,233,19779,3704,3500
Blankj/AndroidUtilCode,275,39223,18093,6934
bumptech/glide,689,79619,13628,13538
netty/netty,3457,399072,133678,73091
NationalSecurityAgency/ghidra,0,0,0,0
YunaiV/ruoyi-vue-pro,1967,97644,34056,22590
ityouknow/spring-boot-examples,355,9770,409,2654
keycloak/keycloak,3516,265706,99595,68897
crossoverJie/JCSprout,109,4194,1425,1439
ashishps1/awesome-system-design-resources,11,370,13,78
scwang90/SmartRefreshLayout,146,18386,4275,3163
Anuken/Mindustry,805,129715,8299,28843
redisson/redisson,2005,242545,89111,57992
iBotPeaches/Apktool,147,14414,3336,2729
elunez/eladmin,274,12710,8178,2330
alibaba/druid,5198,412208,68529,89962
CarGuo/GSYVideoPlayer,278,33114,7067,8055
ReactiveX/RxAndroid,12,1334,240,289
xiaojieonly/Ehviewer_CN_SXJ,514,74302,14341,14379
kestra-io/kestra,1654,125430,8357,24159
Tencent/tinker,222,29098,8029,4755
antlr/antlr4,513,49186,16297,9195
nostra13/Android-Universal-Image-Loader,88,7237,5246,1417
jenkinsci/jenkins,1827,197653,85481,39236
gyoogle/tech-interview-for-developer,10,547,52,149
android10/Android-CleanArchitecture,81,2777,1714,716
forezp/SpringCloudLearning,127,2435,344,689
java-decompiler/jd-gui,221,15865,2634,3930
facebook/fresco,615,61064,15323,11096
Tencent/QMUI_Android,376,56876,10302,9507
orhanobut/logger,14,814,271,230
seaswalker/spring-analysis,32,550,130,176
sqshq/piggymetrics,97,3292,178,1013
neo4j/neo4j,0,0,0,0
cryptomator/cryptomator,387,23402,1448,4831
Bigkoo/Android-PickerView,40,4287,978,879
youth5201314/banner,56,3186,564,691
facebook/stetho,258,18460,3889,4074
greenrobot/greenDAO,241,18916,4604,4350
zhihu/Matisse,48,4177,1130,771
pagehelper/Mybatis-PageHelper,161,8590,5907,1691
Grasscutters/Grasscutter,5386,2540127,474791,244974
theonedev/onedev,3443,326275,13479,67111
code4craft/webmagic,255,13690,2593,2615
plantuml/plantuml,3438,234259,159883,58816
trinodb/trino,0,0,0,0
opensearch-project/OpenSearch,7761,1229302,323303,198711
mission-peace/interview,534,27297,5478,4017
lingochamp/FileDownloader,117,14940,5340,3602
datahub-project/datahub,921,147217,14334,22612
ssssssss-team/spider-flow,130,9004,942,1796
alibaba/vlayout,50,12659,3735,3101
clojure/clojure,185,43247,12222,6834
google/auto,320,41070,10818,6138
zfile-dev/zfile,395,18839,6238,5444
JakeWharton/ViewPagerIndicator,42,3072,360,655
googlesamples/easypermissions,28,2351,414,588
hackware1993/MagicIndicator,45,4333,278,827
lihengming/spring-boot-api-project-seed,13,564,71,126
react-native-camera/react-native-camera,0,0,0,0
liaohuqiu/android-Ultra-Pull-To-Refresh,50,5219,642,1036
pockethub/PocketHub,191,9727,5210,2452
seven332/EhViewer,290,43386,7906,7883
Freelander/Android_Data,2,131,30,25
PaperMC/Paper,3462,212614,115834,56546
json-path/JsonPath,198,17742,3430,4106
navasmdc/MaterialDesignLibrary,30,2882,247,644
ybq/Android-SpinKit,42,2100,311,453
shwenzhang/AndResGuard,43,6267,1149,917
amitshekhariitbhu/Android-Debug-Database,54,2806,755,734
frohoff/ysoserial,80,4461,980,1282
PojavLauncherTeam/PojavLauncher,291,32620,5770,5447
apache/seatunnel,635,44175,13108,7824
alibaba/transmittable-thread-local,122,7067,5161,1815
bytedeco/javacv,111,24025,5125,3565
testcontainers/testcontainers-java,723,47202,7211,10439
davemorrissey/subsampling-scale-image-view,33,3998,1140,672
ChrisRM/material-theme-jetbrains,274,19630,9764,4104
lecho/hellocharts-android,107,9848,1844,2322
vipshop/vjtools,232,18509,6076,4826
yuanguangxin/LeetCode,0,0,0,0
koush/AndroidAsync,203,16712,3066,3106
lenve/VBlog,27,1054,136,250
Qihoo360/RePlugin,308,29985,17284,6717
Exrick/xmall,226,27806,1964,8046
google/agera,143,14003,4372,2706
pentaho/pentaho-kettle,3429,578538,146489,124284
ogaclejapan/SmartTabLayout,22,1920,673,500
Genymobile/gnirehtet,55,4436,1062,1017
rest-assured/rest-assured,507,42096,27336,9573
apache/iceberg,3208,553950,97944,99175
DroidPluginTeam/DroidPlugin,186,18174,6329,3499
macrozheng/springcloud-learning,219,5935,1339,1417
smuyyh/BookReader,289,29256,9386,5893
zouzg/mybatis-generator-gui,35,3485,245,608
Meituan-Dianping/Leaf,33,1443,85,247
guardianproject/haven,41,5280,911,1540
spring-projects/spring-ai,548,38492,16762,11433
gocd/gocd,2122,201921,34906,44764
getActivity/XXPermissions,108,10584,3795,2128
FongMi/TV,399,35012,89,7498
joelittlejohn/jsonschema2pojo,222,18518,6908,6557
koush/ion,127,9700,2062,1676
apache/hertzbeat,663,46494,20443,9673
jOOQ/jOOQ,2567,325468,286956,156574
gephi/gephi,1329,131450,60650,33700
google/grafika,52,8422,4377,1748
Vedenin/useful-java-links,151,6489,1455,1625
LandGrey/SpringBootVulExploit,16,376,5,94
graphhopper/graphhopper,935,102019,27424,18454
apache/incubator-kie-drools,0,0,0,0
liyifeng1994/ssm,19,513,107,170
apache/camel,3965,233404,103354,59164
hazelcast/hazelcast,1527,148197,33953,30744
antoniolg/androidmvp,10,356,120,102
apache/pinot,3016,413928,110759,61491
hibernate/hibernate-orm,198,14845,1536,2737
ZhongFuCheng3y/austin,287,10604,5730,2536
ffay/lanproxy,38,2645,419,691
youtube/api-samples,29,3046,1968,856
JakeWharton/DiskLruCache,5,1740,378,240
yanzhenjie/SwipeRecyclerView,106,10444,3681,2276
JakeWharton/u2020,106,5560,607,1110
alibaba/spring-ai-alibaba,625,52259,21927,14736
k0shk0sh/FastHub,598,47699,2420,9348
daimajia/AndroidImageSlider,32,3936,969,754
baidu/uid-generator,24,1027,1023,335
emilsjolander/StickyListHeaders,15,2129,226,426
TommyLemon/Android-ZBLibrary,157,15377,7446,6501
KeepSafe/TapTargetView,11,1816,368,379
Jasonchenlijian/FastBle,42,3998,355,819
socketio/socket.io-client-java,34,4058,228,723
mik3y/usb-serial-for-android,36,6939,873,1027
00-Evan/shattered-pixel-dungeon,1259,152147,29454,35689
h6ah4i/android-advancedrecyclerview,212,21090,7278,5869
mybatis/generator,116,6102,2366,1344
CodingDocs/springboot-guide,0,0,0,0
apache/groovy,1806,211084,108625,38765
huangyanbin/smartTable,150,13493,3112,2700
Karumi/Dexter,48,2173,1090,564
thinkaurelius/titan,904,74510,15362,17970
dunwu/db-tutorial,176,12664,3049,2950
careercup/ctci,298,12659,719,2177
reactor/reactor-core,1003,205153,48263,46880
pmd/pmd,3020,157804,51854,41132
runelite/runelite,1850,490501,231303,89152
osmandapp/OsmAnd,3064,582237,54832,87195
hneemann/Digital,1085,81659,27794,16145
oshi/oshi,540,43246,14852,7350
wequick/Small,85,6364,1417,1215
youlookwhat/DesignPattern,169,3162,1204,1020
Exrick/xpay,20,1742,300,398
orhanobut/dialogplus,17,1045,294,271
2227324689/gpmall,420,12785,4946,3492
JodaOrg/joda-time,330,88362,44913,15815
javastacks/spring-boot-best-practice,174,3651,707,1170
PBH-BTN/PeerBanHelper,534,34904,2437,5242
apache/calcite,2543,460670,153220,68669
fuzhengwei/small-spring,413,15313,6239,4620
andkulikov/Transitions-Everywhere,79,9440,4338,1502
etsy/AndroidStaggeredGrid,13,3596,848,835
saiwu-bigkoo/Android-ConvenientBanner,17,917,234,227
hansonwang99/Spring-Boot-In-Action,107,2888,1221,883
firebase/FirebaseUI-Android,203,17272,3050,3862
jgilfelt/chuck,26,1898,420,339
bisq-network/bisq,2515,234573,57686,52125
saysky/ForestBlog,86,3425,2057,1208
gabrielemariotti/cardslib,266,29877,15441,9502
gsantner/markor,155,28087,4241,5195
bepass-org/oblivion,31,2729,212,512
yasserg/crawler4j,71,5311,2353,1309
RedSpider1/concurrent,0,0,0,0
danielzeller/Depth-LIB-Android-,58,3776,238,869
angryip/ipscan,234,13088,2893,2930
objectbox/objectbox-java,300,25026,12715,5645
tiann/epic,100,5175,1349,1317
JZ-Darkal/AndroidHttpCapture,179,16456,5132,3709
Meituan-Dianping/Robust,37,3041,615,513
airbnb/DeepLinkDispatch,32,10541,607,2399
linhaojun857/aurora,299,9871,31,2897
zhkl0228/unidbg,804,79632,1703,12297
awangdev/leet-code,948,54999,31692,17556
rstudio/rstudio,2672,296139,68825,56660
mywalkb/LSPosed_mod,232,22993,4771,3808
brianway/java-learning,518,11323,5949,2874
ongakuer/CircleIndicator,22,1592,77,320
s4kibs4mi/java-developer-roadmap,1,5,0,0
nining377/dolby_beta,103,6731,1180,1253
Freeyourgadget/Gadgetbridge,1,1347,26,218
microsoft/malmo,143,20515,5096,3063
pedrovgs/AndroidWiFiADB,21,1222,317,288
zendesk/maxwell,258,21592,1704,4953
pqpo/SmartCropper,7,1098,113,167
201206030/novel-plus,386,24887,5331,6176
luckybilly/CC,71,4343,1248,669
DTStack/chunjun,598,49333,13716,10169
Yalantis/Phoenix,9,953,33,232
makovkastar/FloatingActionButton,10,949,16,187
orhanobut/hawk,20,849,230,260
JeremyLiao/LiveEventBus,80,7325,1022,1131
awaitility/awaitility,109,5973,3772,1453
jMonkeyEngine/jmonkeyengine,1953,213834,138544,43551
crate/crate,4981,557701,152038,98931
fishercoder1534/Leetcode,2845,103232,6725,13939
linyiqun/DataMiningAlgorithm,109,12213,4053,2446
tronprotocol/java-tron,1357,190628,15129,32606
bluelinelabs/Conductor,36,5020,854,1167
JavaNoober/BackgroundLibrary,77,6680,259,888
Exrick/xboot,325,15386,5575,3958
aurelhubert/ahbottomnavigation,14,2361,663,480
google/bundletool,2,155,47,29
Dimezis/BlurView,20,1082,214,246
ReChronoRain/HyperCeiler,722,47330,13545,10630
jishenghua/jshERP,262,52526,4791,10811
lygttpod/SuperTextView,16,3919,1414,894
Ereza/CustomActivityOnCrash,7,873,472,214
timehop/sticky-headers-recyclerview,16,853,206,174
ethanhua/Skeleton,17,724,93,165
andOTP/andOTP,71,8951,1259,2175
liuyubobobo/Play-with-Algorithms,219,9779,2423,3343
ByteLegend/ByteLegend,43,70819,5421,9459
jtablesaw/tablesaw,514,57233,11352,11126
KunMinX/Linkage-RecyclerView,35,2452,850,683
PlexPt/chatgpt-java,58,2867,831,862
networknt/light-4j,848,77607,25761,14541
geoserver/geoserver,4196,511227,112514,99091
blossom-editor/blossom,399,18214,10515,3662
yacy/yacy_search_server,970,165803,57943,26457
tyrantgit/ExplosionField,6,344,51,52
dongjunkun/DropDownMenu,9,543,85,116
googlemaps/android-maps-utils,146,14565,7304,2975
apache/incubator-heron,1121,85515,36530,19850
JakeWharton/ThreeTenABP,7,166,9,37
fabric8io/kubernetes-client,473,41938,10301,7983
fyhertz/libstreaming,38,6012,2154,1407
DataLinkDC/dinky,831,51130,23670,10505
HelloWorld521/Java,123,3904,1024,820
codeestX/GeekNews,194,12167,1734,2978
cSploit/android,172,19961,3036,4356
immutables/immutables,1302,73735,23859,19306
rubensousa/PreviewSeekBar,11,1358,395,330
Netflix/concurrency-limits,79,5255,1642,1227
sherxon/AlgoDS,621,22300,3127,3935
google/volley,98,10077,3958,1835
WinterChenS/my-site,79,4757,1828,1123
AxonFramework/AxonFramework,2110,156617,91378,36929
spring-projects/spring-boot,453,29306,14631,7626
MisterBooo/LeetCodeAnimation,11,265,16,22
Stirling-Tools/Stirling-PDF,459,50877,5523,10042
TheAlgorithms/Java,1313,66781,23892,14093
iluwatar/java-design-patterns,1813,47806,58381,11581
krahets/hello-algo,255,12483,4740,2412
jeecgboot/JeecgBoot,390,25648,14399,5106
ReactiveX/RxJava,1884,315642,80523,78128
PhilJay/MPAndroidChart,223,25232,9014,8626
geekxh/hello-algorithm,0,0,0,0
halo-dev/halo,1170,82530,9951,14279
TeamNewPipe/NewPipe,358,50373,8753,10724
spring-projects/spring-framework,3556,335287,177984,87692
dbeaver/dbeaver,0,0,0,0
alibaba/easyexcel,533,27625,10113,5452
chinabugotech/hutool,2215,148312,114204,32940
xuxueli/xxl-job,140,9470,3522,2393
alibaba/nacos,1754,124311,56777,29947
lenve/vhr,92,3732,387,1014
JakeWharton/butterknife,155,13327,691,2044
proxyee-down-org/proxyee-down,42,3911,276,501
qiurunze123/miaosha,259,9807,2218,2580
google/gson,258,36110,11788,6066
libgdx/libgdx,1470,192599,53711,39752
EnterpriseQualityCoding/FizzBuzzEnterpriseEdition,0,0,0,0
bazelbuild/bazel,1252,145210,60657,35172
apache/shardingsphere,542,29059,13229,6665
linlinjava/litemall,333,60606,40871,14958
dataease/dataease,1000,54761,6239,11091
LMAX-Exchange/disruptor,240,17807,7078,3536
williamfiset/Algorithms,316,30731,9028,8500
openzipkin/zipkin,439,44349,6474,8796
winterbe/java8-tutorial,68,2533,335,805
heibaiying/BigData-Notes,66,2762,657,724
baomidou/mybatis-plus,791,40369,22654,8409
mockito/mockito,989,63257,21003,14119
zhisheng17/flink-learning,391,17738,5539,3959
dianping/cat,1331,100033,22435,28171
alibaba/ARouter,81,3884,1468,874
oracle/graal,0,0,0,0
elastic/logstash,577,46000,15247,11012
deeplearning4j/deeplearning4j,1363,190073,46428,43097
Netflix/zuul,366,28094,9156,5711
pinpoint-apm/pinpoint,1682,83669,25868,22562
questdb/questdb,4243,861089,146592,117524
DuGuQiuBai/Java,267,6507,2829,1541
kekingcn/kkFileView,77,10221,1295,1087
pxb1988/dex2jar,318,36699,6301,4865
Netflix/eureka,408,35816,10540,7462
codecentric/spring-boot-admin,358,20642,6871,5878
tink-crypto/tink,962,145829,31353,18687
daimajia/AndroidViewAnimations,68,1505,1464,389
Team-xManager/xManager,8,11024,1,624
redis/jedis,844,127860,21940,37706
careercup/CtCI-6th-Edition,584,22916,1277,4343
Tencent/matrix,486,64589,10240,11792
jhy/jsoup,179,35755,7941,6938
doocs/jvm,1,5,3,0
beemdevelopment/Aegis,259,24613,859,5061
jwtk/jjwt,408,18956,20485,4736
android-async-http/android-async-http,84,7405,3451,1827
xpipe-io/xpipe,927,74851,1395,14014
lipangit/JiaoZiVideoPlayer,46,5037,250,904
signalapp/Signal-Server,1134,106068,10599,23489
resilience4j/resilience4j,404,26693,9292,6299
HarlonWang/AVLoadingIndicatorView,35,2196,171,495
xuchengsheng/spring-reading,44,495,155,149
paascloud/paascloud-master,710,25205,22960,7141
koral--/android-gif-drawable,43,3143,1494,674
Justson/AgentWeb,130,11361,2829,2257
GcsSloop/AndroidNote,3,368,85,112
cats-oss/android-gpuimage,96,8100,2600,1289
MyCATApache/Mycat-Server,1039,101853,31068,21112
nathanmarz/storm,449,46306,11847,9305
Blankj/awesome-java-leetcode,70,1913,939,251
apache/jmeter,1402,148730,68579,30016
react-native-image-picker/react-native-image-picker,10,933,47,219
apereo/cas,146,9738,1530,1439
google/tsunami-security-scanner,197,15079,4749,2565
LSPosed/LSPatch,18,1298,31,219
wildfirechat/im-server,593,94600,18785,11853
checkstyle/checkstyle,0,0,0,0
florent37/MaterialViewPager,18,1619,381,379
facebook/buck,0,0,0,0
aeron-io/aeron,916,179585,50348,32559
aosp-mirror/platform_frameworks_base,0,0,0,0
junixapp/XPopup,113,11637,2077,1651
dropwizard/metrics,402,33588,4985,7448
alibaba/atlas,1187,136584,135654,30464
Tencent/Shadow,104,4914,1802,1303
google/android-classyshark,133,9285,2446,2363
kaushikgopal/RxJava-Android-Samples,40,3334,187,765
dyc87112/SpringCloud-Learning,3,47,52,25
swagger-api/swagger-core,952,70508,5945,11863
square/dagger,123,8893,3168,1501
Bearded-Hen/Android-Bootstrap,65,12221,920,1276
geeeeeeeeek/WeChatLuckyMoney,13,1021,88,198
NanoHttpd/nanohttpd,87,7525,3655,1666
JakeWharton/ActionBarSherlock,158,25335,11115,5553
mrniko/netty-socketio,128,6982,2757,1776
alibaba/jvm-sandbox,210,16638,5865,3958
exadel-inc/CompreFace,325,15925,2939,3717
google/error-prone,2006,283245,49972,40310
markzhai/AndroidPerformanceMonitor,31,2307,643,451
junit-team/junit-framework,1038,93722,29633,23773
fuzhengwei/itstack-demo-design,243,5522,904,1932
yanzhenjie/AndPermission,105,4635,2407,1021
quartz-scheduler/quartz,364,39558,29375,11316
ximsfei/Android-skin-support,287,22813,2303,4012
ArthurHub/Android-Image-Cropper,18,5271,2060,1096
apache/zeppelin,830,149450,27615,27114
Graylog2/graylog2-server,590,42234,10400,7954
traccar/traccar,1412,89541,16187,23263
aa112901/remusic,272,40955,7021,8437
lightbend/config,118,12136,4797,2382
ityouknow/spring-cloud-examples,58,838,22,244
ikew0ng/SwipeBackLayout,10,1594,820,358
DerekYRC/mini-spring,145,3172,1102,972
daimajia/NumberProgressBar,3,398,87,103
pedrovgs/EffectiveAndroidUI,54,2225,1510,542
obsidiandynamics/kafdrop,79,4852,1116,1024
alipay/SoloPi,318,48457,13839,9938
javaparser/javaparser,794,86396,32309,14326
google/google-java-format,81,17767,3265,2061
lets-blade/blade,291,18256,6479,4103
opengoofy/hippo4j,492,20598,15787,5365
robolectric/robolectric,2140,288060,36289,53585
Nightonke/BoomMenu,67,8103,1638,1276
dmytrodanylyk/circular-progress-button,13,1248,18,303
yarolegovich/DiscreteScrollView,39,3673,158,899
Devlight/InfiniteCycleViewPager,21,3704,606,662
crazycodeboy/react-native-splash-screen,6,251,69,43
springside/springside4,200,13236,5241,3772
hongyangAndroid/FlowLayout,14,956,56,198
apache/nifi,544,36286,17393,9244
knightliao/disconf,401,17054,7934,6316
ElderDrivers/EdXposed,639,72973,51474,17259
alibaba/jetcache,312,19723,2503,3847
wuhaoyu1990/MagicCamera,165,14305,892,2159
dm77/barcodescanner,37,2945,135,501
facebookarchive/rebound,37,4231,1341,889
houbb/sensitive-word,189,5673,3091,1865
ikarus23/MifareClassicTool,28,7936,4134,870
google/google-authenticator,31,3324,1932,799
xxv/android-lifecycle,5,628,11,123
lingochamp/okdownload,201,21854,6247,5780
razerdp/BasePopup,267,27717,4201,5526
alibaba/QLExpress,289,15359,1921,3237
Clans/FloatingActionButton,9,2635,129,512
citerus/dddsample-core,144,6716,1214,1808
tonikelope/megabasterd,61,21073,1060,8117
j-easy/easy-rules,136,5917,4729,1631
brianfrankcooper/YCSB,233,25570,9953,5055
CellularPrivacy/Android-IMSI-Catcher-Detector,105,11259,2958,2354
natario1/CameraView,242,23617,6433,4356
OpenTSDB/opentsdb,412,114495,27945,18703
commonsguy/cw-omnibus,1387,91292,28851,22819
xuexiangjys/XUI,872,95532,38328,20080
jankotek/mapdb,121,18436,4494,3619
vespa-engine/vespa,867,82127,14132,15989
apache/hbase,5160,893840,246394,145192
youlookwhat/CloudReader,181,17385,3462,3298
spring-attic/spring-mvc-showcase,58,2268,44,599
frogermcs/InstaMaterial,25,2394,74,464
amitshekhariitbhu/RxJava2-Android-Samples,61,3723,418,941
lugg/react-native-config,11,482,94,73
Ramotion/folding-cell-android,11,888,193,198
killbill/killbill,1686,195056,38219,44015
Docile-Alligator/Infinity-For-Reddit,617,93892,4420,14358
react-native-webrtc/react-native-webrtc,39,4129,715,828
ronmamo/reflections,59,4596,1020,915
nisrulz/android-tips-tricks,1,24,0,7
allure-framework/allure2,241,14215,5056,3032
google/cameraview,24,2794,681,567
pardom-zz/ActiveAndroid,47,3436,1034,1040
cjlin1/libsvm,10,3770,166,479
romandanylyk/PageIndicatorView,55,3921,195,1067
claritylab/lucida,173,22538,12015,5245
zlt2000/microservices-platform,340,11994,5020,2153
chewiebug/GCViewer,227,23353,4194,4777
chentao0707/SimplifyReader,265,32970,15509,7256
oracle/opengrok,899,86917,44080,17592
TGX-Android/Telegram-X,1091,402144,27500,60111
jdamcd/android-crop,12,1607,319,350
zhanghai/Douya,723,50622,9635,12313
hussien89aa/AndroidTutorialForBeginners,83,4540,852,1408
janishar/android-mvp-architecture,98,5028,1707,1621
discord-jda/JDA,1209,99798,85342,18383
HotBitmapGG/bilibili-android-client,220,25941,2869,6042
dreamhead/moco,518,22868,234,5328
robinhood/ticker,18,1697,507,413
bingoogolapple/BGARefreshLayout-Android,50,5257,1044,972
jacoco/jacoco,654,42879,19517,9651
azkaban/azkaban,1010,114815,31462,21917
pytorch/serve,219,23883,1352,3941
bjmashibing/InternetArchitect,20,864,129,292
google/open-location-code,35,2945,901,603
mybatis/spring-boot-starter,0,0,0,0
hugeterry/CoordinatorTabLayout,13,565,123,120
bingoogolapple/BGABanner-Android,31,2192,358,412
dromara/hmily,140,4693,4362,1202
apache/streampark,468,29174,12081,7276
Manabu-GT/ExpandableTextView,3,493,74,130
dragonwell-project/dragonwell8,0,0,0,0
tencentmusic/supersonic,1058,61278,2910,11637
PaperMC/Folia,0,0,0,0
BoltsFramework/Bolts-Android,26,4004,1061,627
qunarcorp/bistoury,993,76942,24339,18730
aporter/coursera-android,14,552,91,159
Piasy/BigImageViewer,40,2637,993,569
mercyblitz/tech-weekly,0,0,0,0
zzhoujay/RichText,86,5044,972,1143
lukas-krecan/ShedLock,134,5178,1736,1053
JoanZapata/android-iconify,35,6251,170,292
pingfangushi/screw,179,5795,8091,920
lilishop/lilishop,1529,71220,32869,16946
JFormDesigner/FlatLaf,437,78259,26158,17128
shuzijun/leetcode-editor,180,13289,1094,2635
wendux/DSBridge-Android,13,1285,118,212
MiguelCatalan/MaterialSearchView,12,1290,147,293
knowm/XChange,500,24642,4180,5558
yanzhenjie/AndServer,186,13679,7912,3118
amirzaidi/Launcher3,405,62036,13413,11539
sunfusheng/MarqueeView,10,790,74,156
gh0stkey/HaE,30,3816,160,813
mcxtzhang/SwipeDelMenuLayout,10,921,268,171
zhpanvip/BannerViewPager,61,3785,1098,858
RoaringBitmap/RoaringBitmap,385,88903,11886,12824
AsamK/signal-cli,399,39800,558,6143
stfalcon-studio/ChatKit,51,4696,1306,1143
yangfuhai/ASimpleCache,14,1587,798,265
yanzhenjie/NoHttp,151,9198,5906,2233
lisawray/groupie,61,4283,502,1058
linkedin/databus,582,113842,27508,21074
litesuits/android-common,60,6458,5695,1197
nICEnnnnnnnLee/BilibiliDown,182,21030,6629,2979
microservices-patterns/ftgo-application,206,6371,43,1857
kikoso/android-stackblur,12,811,189,188
dtinit/data-transfer-project,250,12145,3822,2467
hmkcode/Android,61,2410,255,845
spockframework/spock,661,30647,16403,7517
bilibili/MagicaSakura,51,5927,1025,1019
arimorty/floatingsearchview,23,3566,889,819
luontola/retrolambda,80,4962,575,1367
MovingBlocks/Terasology,2257,133835,29567,30438
IrisShaders/Iris,721,45422,5278,10363
apache/logging-log4j2,2544,209445,97746,35809
dariuszseweryn/RxAndroidBle,255,18236,3316,2990
baoyongzhang/SwipeMenuListView,13,1266,233,241
KingJA/LoadSir,25,971,197,255
ittianyu/BottomNavigationViewEx,14,1381,541,320
Grt1228/chatgpt-java,158,6776,3589,1378
crossoverJie/SSM,169,9880,1659,2861
GitLqr/LQRWeChat,233,17515,2875,3659
apache/fory,566,84268,17461,10645
openhab/openhab1-addons,0,0,0,0
zxing/zxing,515,47631,17682,8238
binarywang/WxJava,3413,159091,119667,43196
wuyouzhuguli/SpringAll,422,11690,1295,2799
hollischuang/toBeTopJavaer,0,0,0,0
apolloconfig/apollo,637,45727,13153,11129
greenrobot/EventBus,97,5038,1718,1140
apache/skywalking,134,8353,3342,1382
doocs/source-code-hunter,1,5,3,0
apache/incubator-seata,925,65453,33329,13344
yuliskov/SmartTube,1623,261081,87536,43651
brettwooldridge/HikariCP,113,14420,4042,2989
apache/rocketmq,2107,247406,46642,46004
yudaocode/SpringBoot-Labs,27,506,132,167
Baseflow/PhotoView,25,1611,360,352
Tencent/APIJSON,68,14864,4938,3254
didi/DoKit,731,77640,28136,15247
YunaiV/yudao-cloud,223,6602,3094,1945
infinilabs/analysis-ik,33,2701,1424,654
ben-manes/caffeine,617,92242,20538,15148
alibaba/DataX,864,77512,9582,15089
JeffLi1993/springboot-learning-example,163,4082,1436,1344
android-hacker/VirtualXposed,548,44617,5156,8281
quarkusio/quarkus,481,35968,6550,7200
eclipse-vertx/vert.x,0,0,0,0
supertokens/supertokens-core,728,141824,15439,30801
apache/hadoop,5557,932660,335792,155997
zaproxy/zaproxy,1402,211159,81972,37446
openjdk/jdk,0,0,0,0
JessYanCoding/AndroidAutoSize,41,2023,2036,441
lgvalle/Material-Animations,15,992,54,195
DrKLO/Telegram,2765,1332020,103424,149866
LuckSiege/PictureSelector,338,37051,10930,6614
ashishps1/awesome-leetcode-resources,8,371,69,96
google/guice,631,78841,21471,14249
projectlombok/lombok,1887,99662,18610,11046
apache/zookeeper,958,125404,42162,24165
amitshekhariitbhu/android-interview-questions,1,5,0,1
Tencent/VasSonic,47,7048,3078,1658
debezium/debezium,1100,98536,31226,21070
apache/druid,6499,991882,196943,140781
OpenRefine/OpenRefine,1075,97500,32087,23176
gyf-dev/ImmersionBar,119,8666,2802,1457
H07000223/FlycoTabLayout,16,2778,207,617
metersphere/metersphere,2705,287616,26975,58307
jfeinstein10/SlidingMenu,33,3212,1026,694
provectus/kafka-ui,416,33591,689,5198
asLody/VirtualApp,553,43468,4773,8356
tbruyelle/RxPermissions,6,983,113,230
jeasonlzy/okhttp-OkGo,192,14073,5848,2652
JessYanCoding/MVPArms,110,7065,4850,1610
uknownothingsnow/JsBridge,16,1146,219,278
apple/pkl,712,66622,16113,11464
OpenFeign/feign,471,45664,11971,9482
perwendel/spark,184,11306,6613,3353
bilibili/DanmakuFlameMaster,78,10381,1339,2185
umano/AndroidSlidingUpPanel,4,1924,916,397
spring-projects/spring-security,1037,60874,33502,15539
LawnchairLauncher/lawnchair,1610,287958,74197,53170
stanfordnlp/CoreNLP,2123,610707,132428,69156
KunMinX/Jetpack-MVVM-Best-Practice,71,4617,1781,1047
laobie/StatusBarUtil,12,1003,326,155
chrisbanes/Android-PullToRefresh,36,3583,1535,988
flyway/flyway,719,42686,21818,9902
chrisjenx/Calligraphy,16,1031,569,222
roughike/BottomBar,29,3083,477,712
DImuthuUpe/AndroidPdfViewer,41,3334,1058,804
karatelabs/karate,509,46613,9281,8073
dropwizard/dropwizard,917,56756,9020,12095
guolindev/LitePal,129,12473,8420,2083
aritraroy/UltimateAndroidReference,1,24,0,7
alibaba/otter,888,62062,26871,15099
HannahMitt/HomeMirror,27,1490,607,366
trello-archive/RxLifecycle,52,3559,815,870
apache/beam,138,9946,3823,1972
krahets/LeetCode-Book,0,0,0,0
PowerJob/PowerJob,664,31639,11520,8067
kevin-wayne/algs4,201,22844,28063,5639
jeecgboot/jimureport,12,510,157,83
abel533/Mapper,389,21498,11423,4581
pedant/sweet-alert-dialog,6,920,29,135
AntennaPod/AntennaPod,586,60034,4097,9213
apache/tomcat,2745,364220,167297,91858
MinecraftForge/MinecraftForge,1031,74717,27361,16148
apache/cassandra,5913,924143,204634,168666
dependency-check/DependencyCheck,484,50388,33851,7536
NLPchina/elasticsearch-sql,236,36286,3858,6995
hongyangAndroid/okhttputils,44,2611,270,592
rabbitmq/rabbitmq-tutorials,61,1769,457,430
getActivity/AndroidProject,158,18364,4546,4020
Alluxio/alluxio,2860,324649,119524,52417
527515025/springBoot,262,9626,2180,2477
GrenderG/Toasty,7,553,73,103
Angel-ML/angel,1664,213415,46597,36361
JesusFreke/smali,737,47715,25528,10294
processing/processing,240,94548,47502,28866
wxiaoqi/Spring-Cloud-Platform,172,7692,3356,1975
sshahine/JFoenix,207,25170,7634,4740
amitshekhariitbhu/from-java-to-kotlin,2,43,0,13
pig-mesh/pig,382,13554,13632,4006
apache/storm,2014,284718,61684,50696
apache/flink-cdc,486,68269,14732,10222
auth0/java-jwt,76,10322,1654,2243
rengwuxian/MaterialEditText,12,3356,834,654
haifengl/smile,1209,123084,85672,24958
Javen205/IJPay,261,20258,12350,3969
rey5137/material,78,24631,4217,5596
wyouflf/xUtils3,145,12471,2024,2648
prolificinteractive/material-calendarview,57,4229,1211,950
btraceio/btrace,559,43516,19282,7040
weibocom/motan,589,46505,14814,9762
WeiYe-Jing/datax-web,320,16321,6829,4194
amitshekhariitbhu/Fast-Android-Networking,129,16495,3232,3856
LaurieWired/GhidraMCP,2,1263,197,229
changmingxie/tcc-transaction,326,15508,1450,4293
Nepxion/Discovery,225,10553,1942,3054
jpush/aurora-imui,144,16436,1822,3154
jagrosh/MusicBot,71,5215,1466,635
google/j2objc,0,0,0,0
dromara/lamp-cloud,798,36158,19246,7336
redis/lettuce,1373,124058,87029,46271
amlcurran/ShowcaseView,39,2195,762,555
nhaarman/ListViewAnimations,79,6086,2887,1817
AutoMQ/automq,5839,862705,220494,158556
jd-opensource/joyagent-jdgenie,189,10890,1065,1885
JanusGraph/janusgraph,1359,123138,35619,27842
scribejava/scribejava,315,15778,1650,3631
ddd-by-examples/library,97,3287,20,834
Evernote/android-job,98,11429,3064,2733
motianhuo/wechat,138,20384,3108,2917
XRecyclerView/XRecyclerView,59,4753,424,843
evant/gradle-retrolambda,23,1925,62,312
yixia/VitamioBundle,41,5805,2215,1008
zfdang/Android-Touch-Helper,15,1810,219,296
lucasr/twoway-view,18,3359,414,870
cinit/QAuxiliary,330,43368,9423,5120
strimzi/strimzi-kafka-operator,655,72447,14461,13623
hustcc/JS-Sorting-Algorithm,12,427,100,112
novicezk/midjourney-proxy,79,3793,264,626
GeyserMC/Geyser,1086,79340,40035,15214
android/views-widgets-samples,77,6998,2694,1432
deathmarine/Luyten,31,5609,277,797
bitcoinj/bitcoinj,435,54516,25538,9322
spring-projects/spring-authorization-server,150,8713,3150,1884
yipianfengye/android-zxingLibrary,34,2170,826,517
sofastack/sofa-boot,661,36291,19060,8747
fast-excel/fastexcel,577,31311,10648,5012
rubensousa/GravitySnapHelper,4,650,242,106
alibaba/UltraViewPager,15,1688,665,365
react-native-linear-gradient/react-native-linear-gradient,11,547,102,100
killme2008/aviatorscript,407,41969,11564,9178
spring-projects/spring-data-examples,6667,84293,15230,36137
cglib/cglib,212,15187,4346,2936
roncoo/roncoo-pay,384,23830,15030,6285
reactive-streams/reactive-streams-jvm,64,8839,2601,1958
TheoKanning/openai-java,144,4637,1839,1440
querydsl/querydsl,2121,118922,43598,33062
kyleduo/SwitchButton,8,1469,108,247
hongyangAndroid/baseAdapter,30,2004,120,428
tuguangquan/mybatis,918,43465,19155,9116
nextcloud/android,310,53934,9157,11677
micrometer-metrics/micrometer,1206,94158,39688,23895
stleary/JSON-java,72,15420,7875,2216
bytedeco/javacpp,195,26447,7419,2423
SplashCodes/JAViewer,74,6078,1170,1298
Netflix/ribbon,315,23338,7333,5103
javagrowing/JGrowing,0,0,0,0
CalebFenton/simplify,228,21042,1331,5122
square/sqlbrite,32,3574,1013,639
dromara/dynamic-tp,273,13067,8927,3316
castorflex/SmoothProgressBar,19,2140,104,416
ant-media/Ant-Media-Server,875,117707,45123,34916
line/armeria,3777,370504,128743,74084
zongzibinbin/MallChat,424,15156,5377,3148
square/android-times-square,17,2347,311,403
SuperMonster003/AutoJs6,1073,112129,21539,21233
flutter-webrtc/flutter-webrtc,53,8777,694,1319
eirslett/frontend-maven-plugin,72,4546,430,1120
Tencent/GT,563,54352,17070,11185
apache/shiro,853,43211,40468,11095
mcxiaoke/android-volley,80,5274,2907,1279
Snailclimb/guide-rpc-framework,85,2870,892,581
grantland/android-autofittextview,4,521,233,128
ChadCSong/ShineButton,13,997,67,216
booklore-app/booklore,509,32877,1016,6401
yhaolpz/FloatWindow,29,1398,158,347
powermock/powermock,922,37235,20344,10202
SPLWare/esProc,1911,419791,98865,57309
camunda/camunda-bpm-platform,294,12636,9331,3399
dinuscxj/LoadingDrawable,30,4436,178,1173
alibaba/fastjson2,4330,429307,32126,75449
rubensousa/ViewPagerCards,9,313,15,87
oldmanpushcart/greys-anatomy,108,9700,2983,2807
karma9874/AndroRAT,21,1617,20,238
lcodecorex/TwinklingRefreshLayout,59,5657,776,1149
bitcoin-wallet/bitcoin-wallet,155,18545,3289,3342
jetty/jetty.project,652,132902,33802,21929
rovo89/XposedInstaller,54,7899,277,1439
LibrePDF/OpenPDF,1333,165458,95280,28719
syncthing/syncthing-android,73,9010,1386,1504
torakiki/pdfsam,614,29042,14565,5392
googlesamples/mlkit,110,12581,3005,2033
Querz/mcaselector,299,33515,852,5936
vipulasri/Timeline-View,2,438,141,95
sofastack/sofa-rpc,1205,83063,42823,16424
M66B/FairEmail,826,209169,58379,38985
react-native-share/react-native-share,35,2123,202,456
kubernetes-client/java,2691,1166503,590133,140976
iterate-ch/cyberduck,4474,368529,127626,78143
mpusher/mpush,323,16861,8734,4215
watabou/pixel-dungeon,505,40771,8689,11386
roboguice/roboguice,695,61217,19652,14011
camunda/camunda,469,43067,6421,7980
spotbugs/spotbugs,3419,223384,70696,48792
Atmosphere/atmosphere,352,36378,15456,8023
ageerle/ruoyi-ai,787,37680,19871,9433
apache/kylin,3495,400606,77220,72825
rbmonster/learning-note,471,14703,6215,2594
helidon-io/helidon,310,23382,14084,5414
javahuang/SurveyKing,343,12629,4903,3784
dingjikerbo/Android-BluetoothKit,151,8726,709,2363
coderbruis/JavaSourceCodeLearning,259,7011,2379,1899
tchiotludo/akhq,209,20014,1332,3447
uncle-novel/uncle-novel,222,20199,6689,2234
FasterXML/jackson-databind,1254,163106,57143,34195
spring-io/initializr,557,34971,17133,8418
WVector/AppUpdate,27,2682,1059,648
OpenHFT/Chronicle-Queue,326,35108,8509,7201
LinShunKang/MyPerf4J,264,12233,1343,3050
andremion/Music-Player,15,899,270,256
lsjwzh/RecyclerViewPager,25,2431,203,361
Netflix/maestro,810,88983,16656,10357
dropbox/hackpad,350,86350,30891,12872
alibaba/Alink,4872,325309,33790,62885
1024-lab/smart-admin,1120,40379,20209,12144
TNG/ArchUnit,363,15439,1069,3340
phodal/migration,13,148,11,42
RikkaApps/Sui,62,4482,1391,1069
woxingxiao/BubbleSeekBar,11,1946,143,367
getActivity/Toaster,25,1554,556,389
guolindev/giffun,292,23221,10092,5127
aws/aws-sdk-java,0,0,0,0
eclipse-openj9/openj9,4977,596680,231580,107019
xkcoding/spring-boot-demo,484,11960,7427,3082
alibaba/spring-cloud-alibaba,98,4399,2843,1114
alibaba/canal,698,90095,19186,15036
conductor-oss/conductor,674,88403,17436,17274
alibaba/fastjson,3118,186859,14026,53042
apache/flink,7309,826485,253644,183652
SeleniumHQ/selenium,1241,118485,29921,26170
Netflix/Hystrix,388,47717,16573,10607
alibaba/Sentinel,636,36191,17225,8021
OpenAPITools/openapi-generator,76,6135,3014,1351
CodePhiliaX/Chat2DB,292,18918,4627,4295
LSPosed/LSPosed,230,21730,4743,3611
apache/kafka,5535,923203,221475,167420
kunal-kushwaha/DSA-Bootcamp-Java,256,7537,853,1897
mybatis/mybatis-3,1390,70762,28225,15447
dromara/Sa-Token,868,37863,35706,11494
ashishps1/awesome-low-level-design,787,16377,737,3713
justauth/JustAuth,147,9649,3335,1647
JetBrains/intellij-community,0,0,0,0
google/ExoPlayer,1637,329127,104568,45414
material-components/material-components-android,939,137756,44568,25696
thingsboard/thingsboard,0,0,0,0
shuzheng/zheng,379,30363,3447,7814
dyc87112/SpringBoot-Learning,321,6899,893,2263
Konloch/bytecode-viewer,306,29884,9080,5838
hdodenhof/CircleImageView,2,397,22,107
prestodb/presto,1768,236739,32867,35858
GoogleContainerTools/jib,573,56338,18680,10208
arduino/Arduino,276,26960,10395,6732
Curzibn/Luban,16,1017,231,227
janishar/mit-deep-learning-book-pdf,1,2,0,1
apache/dolphinscheduler,958,70509,31366,16611
languagetool-org/languagetool,2032,213486,66390,32029
apache/pulsar,4392,653018,160103,106906
macrozheng/mall-learning,224,13807,2192,3208
Netflix/conductor,516,64500,13547,12911
alibaba/COLA,266,8394,1509,2191
daimajia/AndroidSwipeLayout,22,2667,209,508
macrozheng/mall-swarm,533,66247,4352,17290
Yalantis/uCrop,35,4849,992,1162
frank-lam/fullstack-tutorial,0,0,0,0
newbee-ltd/newbee-mall,88,4937,1457,1215
permissions-dispatcher/PermissionsDispatcher,30,7031,132,569
androidannotations/androidannotations,53,1395,609,438
realm/realm-java,667,108491,31631,19710
square/javapoet,39,9692,1206,1314
TooTallNate/Java-WebSocket,168,13761,7369,2721
grpc/grpc-java,1555,278816,62963,42628
daniulive/SmarterStreaming,25,8937,2740,2944
microg/GmsCore,1332,63988,29750,14544
wasabeef/glide-transformations,25,1348,443,406
SonarSource/sonarqube,905,41281,29113,9796
Activiti/Activiti,516,30994,9443,6500
YoKeyword/Fragmentation,125,9055,1606,2114
ksoichiro/Android-ObservableScrollView,147,11210,2829,2229
crossoverJie/cim,166,7600,1673,1997
huanghaibin-dev/CalendarView,94,13016,4203,2866
android/testing-samples,36,1334,930,426
spinnaker/spinnaker,368,20633,6828,3964
didi/VirtualAPK,84,7263,1345,1692
langchain4j/langchain4j,816,62430,14008,15164
java-native-access/jna,576,90371,102782,21436
apache/shenyu,1336,90850,70781,23796
StarRocks/starrocks,5231,881899,143232,144394
airbnb/epoxy,524,65753,11554,12522
junit-team/junit4,471,31232,7448,6670
awsdocs/aws-doc-sdk-examples,1570,117511,25999,26800
hs-web/hsweb-framework,381,23063,5689,5518
ZCShou/GoGoGo,18,3773,278,615
apache/shardingsphere-elasticjob,155,4980,3440,1284
cabaletta/baritone,359,26203,11809,5166
JakeWharton/hugo,5,405,2,81
Netflix/SimianArmy,216,19286,8835,3915
goldze/MVVMHabit,138,9235,3347,1908
HMCL-dev/HMCL,767,78223,17875,16471
software-mansion/react-native-svg,115,13963,2157,2136
gedoor/MyBookshelf,330,50100,6315,7679
mapstruct/mapstruct,60,801,4177,369
leolin310148/ShortcutBadger,26,1183,240,269
gunnarmorling/1brc,174,42217,7332,7019
flowable/flowable-engine,1002,96839,23071,24890
crazycodeboy/TakePhoto,39,2531,773,465
google/closure-compiler,1241,493282,85308,70742
cymcsg/UltimateRecyclerView,173,15277,4715,3650
didi/KnowStreaming,909,47390,7651,12437
h2pl/JavaTutorial,3,20,9,12
enso-org/enso,1851,164116,22643,24944
Meituan-Dianping/walle,50,4612,3142,839
zo0r/react-native-push-notification,15,2057,157,461
naman14/Timber,164,20568,3314,4504
CoderLeixiaoshuai/java-eight-part,0,0,0,0
hongyangAndroid/AndroidAutoLayout,59,3134,265,709
gzu-liyujiang/AndroidPicker,169,15114,5653,3045
NLPchina/ansj_seg,208,14750,2979,3589
wiremock/wiremock,933,78502,15287,16794
Col-E/Recaf,1202,94428,37364,14817
vinc3m1/RoundedImageView,8,1337,302,274
raphw/byte-buddy,94,6384,4697,1256
wasabeef/richeditor-android,6,686,59,155
AsyncHttpClient/async-http-client,344,30707,12109,6506
MuntashirAkon/AppManager,952,138660,18727,19579
648540858/wvp-GB28181-pro,716,63711,9556,11831
nayuki/QR-Code-generator,18,2304,1476,633
jetlinks/jetlinks-community,536,42034,12263,8048
singwhatiwanna/dynamic-load-apk,37,2835,601,624
google/physical-web,63,7217,3016,1228
vavr-io/vavr,256,70059,34703,14974
springfox/springfox,941,50898,17060,10525
logisim-evolution/logisim-evolution,1136,164335,19014,22532
journeyapps/zxing-android-embedded,62,5224,2112,1264
micronaut-projects/micronaut-core,1194,84503,57778,15010
apache/hudi,3391,414508,125145,72597
CeuiLiSA/Pixiv-Shaft,425,35445,4045,6602
JSQLParser/JSqlParser,703,61935,10770,13458
apache/iotdb,254,27083,7216,3815
TeamAmaze/AmazeFileManager,244,37405,9519,6244
jeequan/jeepay,512,26004,15404,7391
wasabeef/Blurry,5,486,102,112
hanks-zyh/HTextView,55,3188,226,820
ZHENFENG13/spring-boot-projects,0,0,0,0
meefik/linuxdeploy,28,3072,670,511
Suwayomi/Suwayomi-Server,277,42971,38324,7119
danikula/AndroidVideoCache,60,3803,408,813
sockeqwe/mosby,320,16690,7597,4652
alibaba/freeline,80,5255,757,928
201206030/novel,188,7243,3611,2229
facebookarchive/shimmer-android,3,738,92,111
apache/dubbo-spring-boot-project,62,1839,1094,695
jgilfelt/SystemBarTint,6,726,271,195
coobird/thumbnailator,125,17696,15513,4874
LFDT-web3j/web3j,723,64987,11626,12188
microsoft/typespec,24,1577,169,296
CaffeineMC/sodium,570,31133,5238,8243
Yalantis/Side-Menu.Android,8,461,23,105
Doikki/DKVideoPlayer,236,20683,3435,4389
rubenlagus/TelegramBots,108,9525,1396,2008
liquibase/liquibase,1496,117279,19437,24137
remkop/picocli,412,74438,12730,10994
square/otto,29,1736,816,457
Fuzion24/JustTrustMe,2,503,65,128
zhanglei-workspace/shopping-management-system,0,0,0,0
jindrapetrik/jpexs-decompiler,2596,368334,170193,63479
diffplug/spotless,598,40776,13328,8139
baomidou/dynamic-datasource,145,5979,3847,1030
Trinea/android-common,77,6651,5746,1408
tianshiyeben/wgcloud,116,7130,2556,2177
DingMouRen/LayoutManagerGroup,28,2252,980,641
LWJGL/lwjgl3,6227,859980,460330,243465
Devlight/NavigationTabBar,11,2649,241,496
apache/hive,8285,1679593,337755,286060
spring-cloud/spring-cloud-netflix,142,10013,2813,2620
traex/RippleEffect,7,579,158,120
DiUS/java-faker,213,8429,1162,2219
apache/ignite,273,15560,11534,5447
Sayi/poi-tl,379,24975,6476,5851
mcxiaoke/packer-ng-plugin,23,1825,408,324
mock-server/mockserver,995,139476,13653,17623
spring-cloud/spring-cloud-gateway,33,3254,667,728
apache/maven,430,49779,16742,9105
orientechnologies/orientdb,4008,547749,62303,105907
spring-attic/spring-security-oauth,209,10482,5715,2593
wdullaer/MaterialDateTimePicker,44,8248,1869,1665
Heeexy/SpringBoot-Shiro-Vue,28,950,414,182
zq2599/blog_demos,265,12867,4381,3704
deepjavalibrary/djl,1474,115388,59362,21567
981011512/--,132,6905,1736,1535
rememberber/WePush,217,25059,3716,4562
puniverse/quasar,545,50514,26786,9295
apache/rocketmq-externals,221,14288,5202,3299
charles2gan/GDA-android-reversing-Tool,16,632,50,18
alibaba/dexposed,18,2203,938,439
Flipboard/bottomsheet,19,2191,655,423
JakeWharton/NineOldAndroids,47,6436,3852,1126
phishman3579/java-algorithms-implementation,185,25317,6418,5040
water8394/flink-recommandSystem-demo,67,2225,391,572
Ashok-Varma/BottomNavigation,17,2325,992,593
IoT-Technology/IoT-Technical-Guide,286,7376,1302,1968
go-lang-plugin-org/go-lang-idea-plugin,820,54235,13820,9444
jeasonlzy/ImagePicker,35,3644,791,633
failsafe-lib/failsafe,206,11581,7030,2478
ThirtyDegreesRay/OpenHub,313,28516,2020,6409
h2database/h2database,1225,238267,69812,29719
jlegewie/zotfile,0,0,0,0
jboss-javassist/javassist,557,84479,21540,9840
codingapi/tx-lcn,221,9898,2782,2322
Jacksgong/JKeyboardPanelSwitch,26,1849,909,471
ReVanced/revanced-patches,311,22815,5440,4766
oddfar/campus-imaotai,210,10608,5506,2661
alibaba/Tangram-Android,306,23986,11522,6022
code4craft/tiny-spring,96,1913,721,655
jitsi/jitsi,1830,282369,190271,61020
oblac/jodd,662,31668,23818,10242
jbloch/effective-java-3e-source-code,166,3291,678,742
qstumn/BadgeView,13,1549,63,214
xcltapestry/XCL-Charts,204,28116,13014,8568
freeok/so-novel,73,4141,664,848
binIoter/GuideView,16,1187,353,227
rengwuxian/RxJavaSamples,24,1103,26,202
RipMeApp/ripme,267,24059,2538,4258
promeG/TinyPinyin,33,2889,260,439
databricks/learning-spark,40,2111,209,327
VaughnVernon/IDDD_Samples,512,36081,7659,12169
JabRef/jabref,2545,219917,25011,44788
uber/NullAway,300,47603,9450,4574
uknownothingsnow/CircleProgress,15,1705,225,326
alibaba/jstorm,1614,208398,49817,43080
ZHENFENG13/My-Blog,58,3035,470,705
shopizer-ecommerce/shopizer,1205,75576,11864,27159
CameraKit/blurkit-android,8,592,129,176
fesh0r/fernflower,474,56271,2982,10249
kermitt2/grobid,395,72802,12100,13402
sofastack/sofa-jraft,853,103179,33643,18797
willowtreeapps/spruce-android,55,4655,2427,1051
JCTools/JCTools,350,40464,11159,7004
Helium314/HeliBoard,156,25166,6224,3711
ryanhoo/StylishMusicPlayer,83,5991,884,1284
lihangleo2/ShadowLayout,15,3077,572,736
google/rejoiner,84,5416,1326,885
huburt-Hu/NewbieGuide,31,2000,357,356
grpc-ecosystem/grpc-spring,306,14844,9556,3989
Mojang/brigadier,74,5669,448,1202
mbechler/marshalsec,64,3185,1805,1227
rockerhieu/emojicon,24,3840,553,320
undertow-io/undertow,1458,156723,48346,29291
vert-x3/vertx-examples,423,13680,2472,3372
davideas/FlexibleAdapter,147,16918,8839,3273
anggrayudi/android-hidden-api,2,441,349,121
johncarl81/parceler,181,9790,3342,2763
spring-cloud/spring-cloud-kubernetes,36,906,322,256
code4craft/netty-learning,867,69580,39562,14198
nytimes/Store,182,11467,3216,3023
dromara/liteflow,397,20484,5395,5558
lenve/JavaEETest,201,4908,696,950
alamkanak/Android-Week-View,12,1963,579,415
springdoc/springdoc-openapi,2363,71471,67542,22527
rom1v/sndcpy,2,213,2,45
xcc3641/SeeWeather,71,3651,518,675
ferredoxin/QNotified,295,35811,7037,3897
Creators-of-Create/Create,1976,222900,3930,45405
freeplane/freeplane,1862,174487,37002,28133
apache/incubator-kie-optaplanner,237,15315,5612,3200
NotFound9/interviewGuide,0,0,0,0
graphql-java/graphql-java,762,75498,15486,15789
doocs/leetcode,3731,90648,5378,3713
